Model,Test R²,Test RMSE,Test MAE,CV R² Mean,CV R² Std,Overfitting (Train R² - Test R²)
Gradient Boosting,0.7888631090795395,386.3535579095114,236.73258651573846,0.7848996808339437,0.017526064347773346,0.05871614668894032
Random Forest,0.7710271939142985,402.34147914006394,246.17989142269718,0.7686700762816326,0.015934970173391842,0.06985546676891019
Ridge Regression,0.3644170843511325,670.3304725206356,475.5947071781369,0.3883111256616748,0.030718214971876164,0.026171313400581764
Linear Regression,0.36407383034392926,670.5114580044924,475.6515906028034,0.3883377245395052,0.030925292244938396,0.02653803410655542
